id,lastmod
Q114595445,2022-12-06T14:50:16Z
Q114595747,2022-10-11T16:37:48Z
Q114595858,2022-12-06T14:50:06Z
Q10665,2022-11-23T16:34:49Z
Q56226,2022-12-03T20:13:57Z
Q58214,2022-09-12T07:00:07Z
Q110456,2022-11-24T02:49:35Z
Q310875,2022-10-29T03:03:27Z
Q310889,2022-09-12T06:42:00Z
Q335164,2022-09-12T06:42:30Z
Q447898,2022-09-12T06:45:31Z
Q483800,2022-06-20T00:20:45Z
Q494061,2022-10-28T08:33:15Z
Q494800,2022-07-20T00:45:33Z
Q705608,2022-10-28T08:34:17Z
Q710692,2022-09-12T06:50:24Z
Q714509,2022-11-16T22:27:44Z
Q1062006,2022-10-13T15:29:08Z
Q1866337,2022-09-21T15:16:39Z
Q2194140,2022-10-14T13:41:45Z
Q3183240,2022-11-16T20:54:39Z
Q3434055,2022-09-12T06:45:43Z
Q9310191,2022-10-03T05:38:36Z
Q9310192,2022-09-12T06:45:33Z
Q9353635,2022-11-16T21:51:27Z
Q10855116,2022-11-04T00:01:27Z
Q10855805,2022-10-14T13:52:53Z
Q11261360,2022-11-16T22:10:53Z
Q11732843,2022-11-20T12:28:52Z
Q12593548,2022-10-15T05:10:37Z
Q12594370,2022-09-12T06:45:39Z
Q12594419,2022-12-03T11:10:57Z
Q12594422,2022-09-12T07:00:09Z
Q12594451,2022-10-11T16:23:54Z
Q12597103,2022-12-01T11:45:48Z
Q12616929,2022-10-11T14:19:50Z
Q16169323,2022-10-15T05:40:43Z
Q16177115,2022-09-12T06:45:39Z
Q16179930,2022-10-11T14:48:50Z
Q16181667,2022-11-16T21:44:53Z
Q16904817,2022-10-15T05:51:54Z
Q16905280,2022-10-11T16:22:49Z
Q16905281,2022-11-03T22:36:17Z
Q16905320,2022-12-03T11:05:06Z
Q16907639,2022-11-16T21:55:55Z
Q21651765,2022-11-29T03:29:05Z
Q25035961,2022-11-16T20:31:51Z
Q29841145,2021-03-31T12:49:36Z
Q30436217,2022-12-05T00:49:25Z
Q31180000,2022-10-11T14:37:13Z
Q39670004,2022-10-11T17:00:29Z
Q55708195,2022-11-16T20:22:11Z
Q55734042,2022-10-11T15:09:44Z
Q56818408,2022-10-11T14:51:31Z
Q56818426,2022-10-11T14:51:36Z
Q56818689,2022-11-16T22:33:46Z
Q56819749,2022-10-11T14:57:19Z
Q56820402,2022-11-17T10:54:24Z
Q56820559,2022-10-11T14:47:10Z
Q56825043,2022-10-11T14:35:59Z
Q57063516,2022-10-11T16:37:02Z
Q57064523,2022-10-11T14:51:41Z
Q57064533,2022-10-11T14:19:53Z
Q57069172,2022-10-11T14:46:28Z
Q57071116,2022-10-11T14:46:10Z
Q57075870,2022-10-11T14:47:39Z
Q63773435,2022-10-11T14:47:26Z
Q63774198,2022-10-11T14:48:43Z
Q63775001,2022-10-11T14:20:26Z
Q63775066,2022-10-11T16:53:50Z
Q63776707,2022-10-11T16:35:04Z
Q63776950,2022-10-11T16:53:36Z
Q63777382,2022-10-11T16:53:41Z
Q63777865,2022-10-11T16:54:07Z
Q97162070,2022-10-11T16:23:34Z
Q97165506,2022-11-03T22:33:31Z
Q105159427,2022-10-11T14:46:48Z
Q105705367,2022-10-11T16:27:33Z
Q105706437,2022-10-11T14:48:25Z
Q105864285,2022-03-18T02:38:34Z
Q114088685,2022-10-21T22:12:15Z
Q114593868,2022-10-11T14:52:21Z
Q114593869,2022-10-11T14:52:25Z
Q114593870,2022-10-11T14:47:46Z
Q114593871,2022-10-11T14:47:53Z
Q114593873,2022-10-11T14:48:18Z
Q114593874,2022-10-11T15:02:55Z
Q114593876,2022-10-11T16:39:30Z
Q114593877,2022-10-11T15:01:40Z
Q114593878,2022-10-11T14:50:20Z
Q114593879,2022-10-11T14:50:49Z
Q114593880,2022-12-06T14:50:31Z
Q114593881,2022-10-11T14:51:07Z
Q114593883,2022-10-11T14:56:06Z
Q114593884,2022-10-11T14:51:22Z
Q114593885,2022-10-11T14:47:07Z
Q114593886,2022-10-11T14:46:36Z
Q114593887,2022-10-11T14:46:26Z
Q114593888,2022-10-11T14:45:45Z
Q114594317,2022-10-11T17:00:49Z
Q114594333,2022-10-11T15:04:43Z
Q114594345,2022-10-11T15:13:54Z
Q114594370,2022-12-06T14:50:21Z
